Country,Place Name,Category,Neighbourhood / City,Description / Notes,Source (Instagram Post),Source Account,Day
Korea,Incheon International Airport,Transport,Incheon,Take Airport Limousine bus — best way into Seoul from airport; also has Smart Pass facial recognition to skip queues,https://www.instagram.com/p/DVGFBhaCB7J/,kimberllyvuong,Day 1
Korea,Incheon International Airport,Transport,Incheon,Smart Pass app — pre-register passport for facial recognition to skip passport & boarding queues,https://www.instagram.com/p/DSrStesE9W-/,__cameera,Day 1
Korea,Seoul Station,Transport,Seoul,AREX express train from ICN to Seoul Station (~45 min nonstop),https://www.instagram.com/p/DVGFBhaCB7J/,kimberllyvuong,Day 1
Korea,Jongno (종로),Neighbourhood,Seoul,#1 area to stay for first-timers — real Korea vibe; transit hub; historic,https://www.instagram.com/p/DTN5nT6gvWs/,dianainseoul,Day 1-2
Korea,Myeongdong (명동),Neighbourhood,Seoul,#2 area to stay — safe for night walks; street food; L7 Hotel rooftop; airport bus stop; close to Namdaemun market,https://www.instagram.com/p/DTN5nT6gvWs/ | https://www.instagram.com/p/DUa6oYJkT1F/,dianainseoul | sxm.mi,Day 1-2
Korea,Hongdae (홍대),Neighbourhood,Seoul,#3 area to stay — nightlife; restaurants; ÅLAND and MUSINSA flagship stores; younger crowd,https://www.instagram.com/p/DTN5nT6gvWs/ | https://www.instagram.com/p/DUa6oYJkT1F/,dianainseoul | sxm.mi,Day 3
Korea,Gangnam (강남),Neighbourhood,Seoul,Upscale area; Shinsegae Gangnam department store 5th & 8th floor for Korean fashion brands,https://www.instagram.com/p/DUa6oYJkT1F/ | https://www.instagram.com/p/DTC_5iykign/,sxm.mi | jiwon.now,Day 7-8
Korea,Itaewon (이태원),Neighbourhood,Seoul,Expat-friendly area; Citybreeze Seoul Flagship; Fucking Awesome Seoul; Mardi Mercredi,https://www.instagram.com/p/DUa6oYJkT1F/ | https://www.instagram.com/p/DURGuYlD_mr/,sxm.mi | elysnapshot,Flexible
Korea,Seongsu (성수),Neighbourhood,Seoul,Coolest neighbourhood in Seoul (tied with Hannam & Yeonam); packed with concept stores and flagship boutiques,https://www.instagram.com/p/DUsp6e8jKzX/ | https://www.instagram.com/p/DURGuYlD_mr/,thenabilaismail | elysnapshot,Day 5
Korea,Hannam (한남),Neighbourhood,Seoul,Tied for coolest neighbourhood; upscale boutiques; Citybreeze Seoul; Fucking Awesome Seoul; Mardi Mercredi,https://www.instagram.com/p/DUsp6e8jKzX/ | https://www.instagram.com/p/DURGuYlD_mr/,thenabilaismail | elysnapshot,Day 5
Korea,Yeonam (연남),Neighbourhood,Seoul,Tied for coolest neighbourhood — quieter alternative to Hongdae; cafés and local restaurants,https://www.instagram.com/p/DUsp6e8jKzX/,thenabilaismail,Day 3
Korea,Insadong (인사동),Neighbourhood,Seoul,Shopping and cultural area; mentioned as activity in Seoul itinerary; Granhand perfumery nearby (Hanok Village),https://www.instagram.com/p/DUp4KmkETt8/ | https://www.instagram.com/p/DTJ3xEfElTr/,caitieandsteph | travelwithvidushi,Day 1-2
Korea,Euljiro (을지로),Neighbourhood,Seoul,Walkable from Myeongdong; cool spots; mentioned as great area to stay,https://www.instagram.com/p/DUa6oYJkT1F/,sxm.mi (comment),Day 1-2
Korea,Sinchon (신촌),Neighbourhood,Seoul,Near Hongdae; cheaper food and great bars; recommended as underrated area,https://www.instagram.com/p/DUa6oYJkT1F/,sxm.mi (comment),Day 4 (night)
Korea,Apgujeong (압구정),Neighbourhood,Seoul,Worksout streetwear store located here (mentioned in comments),https://www.instagram.com/p/DURGuYlD_mr/,elysnapshot (comment),Day 7-8
Korea,Gwangjang Market (광장시장),Market,Seoul,Steps from a featured loft rental (LiveAnywhere); iconic traditional market,https://www.instagram.com/p/DUnXsnHk9DJ/,eyopkr,Day 9
Korea,Namsan,Landmark,Seoul,Close to featured rental loft; mentioned as central landmark,https://www.instagram.com/p/DUnXsnHk9DJ/,eyopkr,Flexible
Korea,Hanok Village (한옥마을),Cultural Site,Seoul,Location of Granhand perfumery; winding historic streets; souvenir shopping,https://www.instagram.com/p/DTJ3xEfElTr/,travelwithvidushi,Day 14
Korea,National Museum of Korea,Museum,Seoul,137 Seobinggo-ro Yongsan-gu (Ichon Station Exit 2); free entry (fee from 2027); Mon/Tue/Thu/Fri/Sun 10–18:00; Wed & Sat until 21:00,https://www.instagram.com/p/DTzbSwWEa1o/,kiraguide67,Flexible
Korea,Shinsegae Gangnam,Department Store,Gangnam,5th & 8th floors have 15 Korean fashion brands local Seoulites shop at instead of Myeongdong,https://www.instagram.com/p/DTC_5iykign/,jiwon.now,Day 7-8
Korea,Seoraksan National Park,Nature / Day Trip,Sokcho,Day trip / overnight from Seoul; dramatic mountain scenery,https://www.instagram.com/p/DUBZ8oSDypl/,wheretonextguys,Day 10
Korea,Sokcho (속초),City,Gangwon,Days 6–7 on 2-week Korea itinerary; coastal city near Seoraksan,https://www.instagram.com/p/DUBZ8oSDypl/,wheretonextguys,Day 10
Korea,Gangneung (강릉),City,Gangwon,Days 8–9 on 2-week Korea itinerary; beaches; historic homes; nature; 2 hrs from Seoul by KTX,https://www.instagram.com/p/DUBZ8oSDypl/ | https://www.instagram.com/p/DO56MhaiL-s/,wheretonextguys | travel.with.payal (comment),Day 11
Korea,Gyeongju (경주),City,North Gyeongsang,Days 10–12 on 2-week Korea itinerary; ancient temples; royal tombs; mossy paths; history,https://www.instagram.com/p/DUBZ8oSDypl/,wheretonextguys,Day 12-13
Korea,Busan (부산),City,South Gyeongsang,Days 13–15 on 2-week Korea itinerary; seaside city; markets; beaches; parks,https://www.instagram.com/p/DUBZ8oSDypl/ | https://www.instagram.com/p/DRgKvDDklaI/ | https://www.instagram.com/p/DSpySFREjYe/,wheretonextguys | yesjmo | leeskincare7,Day 10-11
Korea,Hwangnyeongsan (황령산),Viewpoint,Busan,Hwangnyeongsan Beacon 황령산봉수대 — best view in Busan; take Uber most of the way up; sunset city lights,https://www.instagram.com/p/DRgKvDDklaI/,yesjmo,Day 10-11
Korea,Jeju (제주),Island,Jeju,Mentioned as alternative itinerary stop; dreamy beach houses via LiveAnywhere platform,https://www.instagram.com/p/DUnXsnHk9DJ/ | https://www.instagram.com/p/DUBZ8oSDypl/,eyopkr | thewanderlustscot (comment),Day 12-13
Korea,Nami Island (남이섬),Day Trip,Gyeonggi,Bookable day trip via Klook,https://www.instagram.com/p/DO56MhaiL-s/,travel.with.payal,Day 9 (day trip)
Korea,DMZ,Day Trip,Gyeonggi / Gangwon border,Demilitarized Zone tours bookable via Klook or GetYourGuide; recommended to do last day,https://www.instagram.com/p/DUp4KmkETt8/ | https://www.instagram.com/p/DO56MhaiL-s/,caitieandsteph (comment) | travel.with.payal,Day 13
Korea,Heyri Art Village,Day Trip,Gyeonggi,Half-day trip; museums and Korean Folk Museum nearby; recommended alternative day trip,https://www.instagram.com/p/DUp4KmkETt8/,warmcozycomfy (comment),Day 9 (day trip)
Korea,DNA Skin Clinic (@dnaskin12 / @dnaskin_lab),Skincare Clinic,Seoul,Skin treatments; microneedling; RF; airjet; English-speaking; visited 6+ times by poster,https://www.instagram.com/p/DR4nHLUkuMx/,myskinisglass,Day 7-8
Korea,Optima Wellness Museum Pharmacy (@owm.pharm.official),Pharmacy / Skincare,Gangnam area,Near Gangnam; pharmacy-style skincare treatments,https://www.instagram.com/p/DSpySFREjYe/,leeskincare7,Day 7
Korea,Seoulistique Skin (@seoulistique.skin),Skincare Clinic,Aeogae (애오개),Skin analysis + 8-step Astrodome facial; glowing results; book via DM,https://www.instagram.com/p/DUD1MlDD-Yv/,zoe.rammie,Day 7-8
Korea,Abijou Myeongdong Branch (명동점),Skincare Clinic,Myeongdong,Affordable skin clinic; great for foreigners; busy but personal care; also has Hongdae branch,https://www.instagram.com/p/DSgrmX7Eg5y/,mijainseoul,Day 2
Korea,Abijou Hongdae Branch,Skincare Clinic,Hongdae,Less crowded than Myeongdong branch; less personal but still good service,https://www.instagram.com/p/DSgrmX7Eg5y/,mijainseoul (comment by lialia_0315),Day 3-4
Korea,Joa Pilates (@joapilates),Wellness,Seoul,Ear seeding / ear therapy treatment; book via IG DM; uses @byava products,https://www.instagram.com/p/DR3RZZqCeeO/,sarahpalmyra,Day 7-8
Korea,Weave Living — Weave Suite Seoyu Parkside,Accommodation,Seoyu (선유),Premium serviced apartment; steps from Seoyu Station; Han River terrace view; co-working space; yoga studio; golf range; weekly housekeeping,https://www.instagram.com/p/DMu5u4HN8zu/,heezerro,Day 1
Korea,LiveAnywhere Korea (@liveanywhere.korea),Accommodation Platform,Nationwide (Seoul + Jeju),Short-term rental app for stays 1 week+; loft near Gwangjang Market featured; also Jeju beach houses,https://www.instagram.com/p/DUnXsnHk9DJ/,eyopkr,Day 12-13
Korea,Granhand (그랑핸드),Shopping / Souvenir,Hanok Village Seoul,Custom perfumery; choose scent and personalise label with your name; multiple locations; Hanok Village branch most atmospheric,https://www.instagram.com/p/DTJ3xEfElTr/,travelwithvidushi,Day 5-6
Korea,NOMANUAL Flagship Store,Clothing Store,Seongsu,Elevated Korean streetwear; highly rated by poster,https://www.instagram.com/p/DURGuYlD_mr/,elysnapshot,Day 5-6
Korea,THREE TO EIGHTY,Clothing Store,Seongsu,Korean designer multi-brand,https://www.instagram.com/p/DURGuYlD_mr/,elysnapshot,Day 5-6
Korea,Customellow Seongsu Prints,Clothing Store,Seongsu,Custom prints concept store,https://www.instagram.com/p/DURGuYlD_mr/,elysnapshot,Day 5-6
Korea,Blue Elephant Seongsu Flagship,Clothing Store,Seongsu,Flagship concept space,https://www.instagram.com/p/DURGuYlD_mr/,elysnapshot,Day 5-6
Korea,RAWROW Worldwide Seoul,Clothing Store,Seongsu,Bag and accessories brand,https://www.instagram.com/p/DURGuYlD_mr/,elysnapshot,Day 5-6
Korea,Rest & Recreation Seongsu,Clothing Store,Seongsu,Streetwear concept store,https://www.instagram.com/p/DURGuYlD_mr/,elysnapshot,Day 5-6
Korea,ÅLAND Hongdae,Clothing Store,Hongdae,Multi-brand concept store,https://www.instagram.com/p/DURGuYlD_mr/,elysnapshot,Day 3-4
Korea,MUSINSA Hongdae,Clothing Store,Hongdae,Korean streetwear platform flagship,https://www.instagram.com/p/DURGuYlD_mr/,elysnapshot,Day 3-4
Korea,Double Lovers Seongsu Flagship,Clothing Store,Seongsu,Flagship concept store,https://www.instagram.com/p/DURGuYlD_mr/,elysnapshot,Day 5-6
Korea,TETO Objet Seongsu,Clothing Store,Seongsu,Lifestyle and objet concept store,https://www.instagram.com/p/DURGuYlD_mr/,elysnapshot,Day 5-6
Korea,HATCHINGROOM Seongsu,Clothing Store,Seongsu,Independent Korean brand,https://www.instagram.com/p/DURGuYlD_mr/,elysnapshot,Day 5-6
Korea,MUSINSA EMPTY Seongsu,Clothing Store,Seongsu,Curated MUSINSA concept space,https://www.instagram.com/p/DURGuYlD_mr/,elysnapshot,Day 5-6
Korea,Musinsa Standard Seongsu,Clothing Store,Seongsu,MUSINSA basics line flagship,https://www.instagram.com/p/DURGuYlD_mr/,elysnapshot,Day 5-6
Korea,LOW CLASSIC Seongsu,Clothing Store,Seongsu,Minimalist Korean womenswear,https://www.instagram.com/p/DURGuYlD_mr/,elysnapshot,Day 5-6
Korea,INSILENCE Seongsu Flagship,Clothing Store,Seongsu,Korean streetwear brand,https://www.instagram.com/p/DURGuYlD_mr/,elysnapshot,Day 5-6
Korea,thisisneverthat Seongsu Flagship,Clothing Store,Seongsu,Korean streetwear — top brand discovered in Korea per comments,https://www.instagram.com/p/DURGuYlD_mr/,elysnapshot,Day 5-6
Korea,ODLYWORKSHOP,Clothing Store,Seoul,Independent workshop concept store,https://www.instagram.com/p/DURGuYlD_mr/,elysnapshot,Flexible
Korea,Beaker Seongsu Flagship Store,Clothing Store,Seongsu,Multi-brand select shop,https://www.instagram.com/p/DURGuYlD_mr/,elysnapshot,Day 5-6
Korea,ACME DE LA VIE Seongsu Showroom,Clothing Store,Seongsu,Premium Korean streetwear showroom,https://www.instagram.com/p/DURGuYlD_mr/,elysnapshot,Day 5-6
Korea,NOT4NERD Seongsu Flagship,Clothing Store,Seongsu,Eyewear and accessories brand,https://www.instagram.com/p/DURGuYlD_mr/,elysnapshot,Day 5-6
Korea,TREEMINGBIRD Seongsu Store,Clothing Store,Seongsu,Korean casual brand,https://www.instagram.com/p/DURGuYlD_mr/,elysnapshot,Day 5-6
Korea,Fenek Hongdae Showroom,Clothing Store,Hongdae,Independent Korean brand showroom,https://www.instagram.com/p/DURGuYlD_mr/,elysnapshot,Day 3-4
Korea,Citybreeze Seoul Flagship,Clothing Store,Hannam,Seoul lifestyle concept store,https://www.instagram.com/p/DURGuYlD_mr/,elysnapshot,Day 5-6
Korea,Miseki Seoul,Clothing Store,Seoul,Korean designer boutique,https://www.instagram.com/p/DURGuYlD_mr/,elysnapshot,Flexible
Korea,Fucking Awesome Seoul,Clothing Store,Hannam,Skate / streetwear brand flagship,https://www.instagram.com/p/DURGuYlD_mr/,elysnapshot,Day 5-6
Korea,Mardi Mercredi (Hannam),Clothing Store,Hannam,Casual creative Korean brand; also in Shinsegae Gangnam,https://www.instagram.com/p/DURGuYlD_mr/ | https://www.instagram.com/p/DTC_5iykign/,elysnapshot | jiwon.now,Day 5-6
Korea,Worksout,Clothing Store,Apgujeong,Streetwear store in Apgujeong — recommended in comments,https://www.instagram.com/p/DURGuYlD_mr/,hirlala (comment),Day 7-8
Korea,Maison Loeuvre,Fashion Brand / Store,Shinsegae Gangnam 5F,Most famous Korean bag brand; minimal and elegant,https://www.instagram.com/p/DTC_5iykign/,jiwon.now,Day 7-8
Korea,Tennat,Fashion Brand / Store,Shinsegae Gangnam 5F,Modern sleek bag brand,https://www.instagram.com/p/DTC_5iykign/,jiwon.now,Day 7-8
Korea,Archive PKE,Fashion Brand / Store,Shinsegae Gangnam 5F,Street casual Korean brand,https://www.instagram.com/p/DTC_5iykign/,jiwon.now,Day 7-8
Korea,DUNST,Fashion Brand / Store,Shinsegae Gangnam 5F,Trendy understated daily wear,https://www.instagram.com/p/DTC_5iykign/,jiwon.now,Day 7-8
Korea,Joygryson,Fashion Brand / Store,Shinsegae Gangnam 5F,Simple chic women's workwear,https://www.instagram.com/p/DTC_5iykign/,jiwon.now,Day 7-8
Korea,Umer,Fashion Brand / Store,Shinsegae Gangnam 5F,Minimal stylish women's clothing,https://www.instagram.com/p/DTC_5iykign/,jiwon.now,Day 7-8
Korea,Beglowny,Fashion Brand / Store,Shinsegae Gangnam 5F,Romantic and stylish — popular with young Koreans,https://www.instagram.com/p/DTC_5iykign/,jiwon.now,Day 7-8
Korea,Lookast,Fashion Brand / Store,Shinsegae Gangnam 8F,Street and modern mix; younger crowd,https://www.instagram.com/p/DTC_5iykign/,jiwon.now,Day 7-8
Korea,Till.idie,Fashion Brand / Store,Shinsegae Gangnam 8F,Hip streetwear; hoodies and tees a must,https://www.instagram.com/p/DTC_5iykign/,jiwon.now,Day 7-8
Korea,Recto,Fashion Brand / Store,Shinsegae Gangnam 8F,Sleek office and casual unisex,https://www.instagram.com/p/DTC_5iykign/,jiwon.now,Day 7-8
Korea,Sandbeige,Fashion Brand / Store,Shinsegae Gangnam 8F,Soft tones; minimal aesthetics; great basics,https://www.instagram.com/p/DTC_5iykign/,jiwon.now,Day 7-8
Korea,Rockfish,Fashion Brand / Store,Shinsegae Gangnam 8F,Trendy accessories and casual wear,https://www.instagram.com/p/DTC_5iykign/,jiwon.now,Day 7-8
Korea,Emis,Fashion Brand / Store,Shinsegae Gangnam 8F,Famous for stylish hats; modern women's clothing,https://www.instagram.com/p/DTC_5iykign/,jiwon.now,Day 7-8
Korea,Mardi Mercredi (Gangnam),Fashion Brand / Store,Shinsegae Gangnam 8F,Casual creative standout designs,https://www.instagram.com/p/DTC_5iykign/,jiwon.now,Day 7-8
Korea,Brownyard,Fashion Brand / Store,Shinsegae Gangnam 8F,Between basic and trendy; comfy everyday items,https://www.instagram.com/p/DTC_5iykign/,jiwon.now,Day 7-8
Korea,Révdou (레브두),Bakery,Seoul,Moon croissant — multi-layer vanilla tahiti cream croissant; very popular,https://www.instagram.com/p/DNkzMwjTuZR/,today_dessert,Flexible
Korea,The Truffle Bakery (더트러플베이커리),Bakery,Seoul,Tissue bread — peel-apart crispy outside fluffy inside,https://www.instagram.com/p/DNkzMwjTuZR/,today_dessert,Flexible
Korea,Bijeonstrol Yeonhui Roastery (비전스트롤 연희로스터리),Café / Bakery,Yeonhui Seoul,Seasonal toast with butter and jam; coffee pairing,https://www.instagram.com/p/DNkzMwjTuZR/,today_dessert,Flexible
Korea,Amor Napoli (아모르나폴리),Bakery,Seoul,Fire-baked salt bread (화덕 소금빵); crispy outside chewy inside; wood-fired,https://www.instagram.com/p/DNkzMwjTuZR/,today_dessert,Flexible
Korea,Cat & F (캣앤에프),Bakery,Seoul,Corn-shaped corn salt bread; Gangwon corn cream filling,https://www.instagram.com/p/DNkzMwjTuZR/,today_dessert,Flexible
Korea,Belief Coffee Roasters (빌리프커피로스터스),Café / Bakery,Seoul,Apple cream bread — sells out instantly; pastry with custard cream and crunchy apple; check baking times before visiting,https://www.instagram.com/p/DNkzMwjTuZR/,today_dessert,Flexible
Korea,The Air House Festival,Event / Festival,Nami Island (남이섬),"Eco-friendly house music festival — house music in nature. May annually. 30+ friendly, kid/pet/vegan/foreigner-friendly. Sauna bus, morning yoga, live bands, disco aerobics, crafting, karaoke, camping, hammocks. @the_airhouse",https://www.instagram.com/mijainseoul/reel/DZGQtpFE7zR/,mijainseoul,Flexible
Korea,Cimer at Paradise City,Jjimjilbang / Spa,Incheon (near airport),Specifically recommended for foreigners with tattoos — 100% stress-free. Paradise City complex near Incheon Airport. Great for a post-flight or pre-flight soak.,https://www.instagram.com/mijainseoul/reel/DYwQHTnR0ny/,mijainseoul,Flexible
Korea,숲속한방랜드 (Forest Korean Bath),Jjimjilbang,Sinchon Seoul,Outdoor charcoal sauna near Sinchon. Search 찜질방 in Naver Maps for nearest location.,https://www.instagram.com/mijainseoul/reel/DSSV_j3Eku8/,mijainseoul,Day 3-4
Korea,아쿠아필드 Aquafield,Jjimjilbang,Suburban Seoul,Luxury jjimjilbang experience. Slightly outside central Seoul but worth the trip.,https://www.instagram.com/mijainseoul/reel/DSSV_j3Eku8/,mijainseoul,Flexible
Korea,Reclow Myeongdong Flagship,Shopping,Myeongdong Seoul,"Trendy affordable Korean accessories — folding sunglasses, bags, rain boots, seasonal accessories. 12 Myeong-dong 8-na-gil Jung-gu Seoul. Open daily 10:30–23:00. naver.me/xGFxCi0c",https://www.instagram.com/mijainseoul/reel/DYnmAyxyuug/,mijainseoul,Day 2
Korea,Sam Sam Sam (쓰리쓰리쓰리),Restaurant,Gwanghwamun Seoul,American-style cozy bistro from Samcheong-dong now in Gwanghwamun. Creative dishes you can only find in Korea. naver.me/Goivggyk,https://www.instagram.com/mijainseoul/reel/DYiNfyPzR4p/,mijainseoul,Flexible
Korea,Kyobo Book Centre (교보문고),Shopping / Souvenir,Gwanghwamun Seoul,"Korea's largest bookstore. Not just books — K-stationery, stickers, music, unique Korean souvenirs. Easy to lose track of time here. naver.me/xtgpqcS3",https://www.instagram.com/mijainseoul/reel/DYiNfyPzR4p/,mijainseoul,Day 9
Korea,NYUNYU (뉴뉴),Shopping,Myeongdong Seoul,"Multi-story accessory heaven. Thousands of earrings, necklaces, bags, hats at very affordable prices. Open late. Perfect last stop of the day. naver.me/Gubf9M30",https://www.instagram.com/mijainseoul/reel/DYiNfyPzR4p/,mijainseoul,Day 2
Korea,Manhwa-bang / Comic Book Café,Hidden Gem,Seoul (near subway stations),"Private pods with curtains, blankets, pillows, leg massagers. Order ramyeon/tteokbokki to your pod. ~₩3,000–4,000/hr. Chains: Nolsoop (놀숲) and Beoltoon (벌툰). Package deal = 1hr + drink best value.",https://www.instagram.com/mijainseoul/reel/DYfCnfVyhZy/,mijainseoul,Flexible
Korea,Yonghada Korean Medicine Clinic (용하다 한의원),Wellness / Clinic,Myeongdong Seoul,"At Myeongdong Station Exit 2. English/Japanese/Chinese/Spanish speaking doctor. Cupping therapy, acupuncture, circulation medicine, wild ginseng injection, chuna therapy, facial lifting, weight loss. Check-up ₩132,000. Healing course C ₩242,000. @yonghadaclinic_en — DM for prices. naver.me/FORmG2el",https://www.instagram.com/mijainseoul/reel/DXjt_txEh_z/,mijainseoul,Day 7-8
Korea,Rolling Jay Hair Salon,Beauty / Hair,Seoul,"Celebrity-level hair stylist @rollingjay_siwon__ (women) & @rollingjay_siwon__men. Teaches styling at home. Book via DM, Kakao ID: ruddo462, or Naver. naver.me/F9N4yI6L",https://www.instagram.com/mijainseoul/reel/DYN1LZ0SqTt/,mijainseoul,Flexible
Korea,Glasses / Optical shops,Tip,Seoul (any area),Get new glasses in 10 minutes. No reservation or prescription needed. Much cheaper than home. Any optical shop works — look for them near major streets.,https://www.instagram.com/mijainseoul/reel/DSERRWaErB7/,mijainseoul,Flexible
Korea,Korean Pantry Souvenirs,Shopping Tip,Supermarkets across Seoul,"Must-buy: Sesame oil (참기름), rice syrup (조청), plum extract (매실청), coin broth (코인육수). Available at E-mart / Lotte Mart / Homeplus. Premium versions at department stores and traditional markets.",https://www.instagram.com/mijainseoul/p/DYVVgnwjU-t/,mijainseoul,Day 14
Korea,Mijainseoul Naver Map,Resource,Seoul (citywide),"Curated Naver Map of ALL Mija's Seoul recommendations — restaurants, spas, shops. Direct link: naver.me/FNtroVSQ",https://www.instagram.com/mijainseoul/,mijainseoul,Flexible
Korea,Vands Clinic Hongdae,Skincare,Hongdae Seoul,First thing she did arriving in Korea — rejuran treatment. Foreign-friendly. Also has Myeongdong (@vands_myeongdong) and Gangnam branches. One of the most recommended foreigner-friendly clinics.,https://www.instagram.com/reel/DWwG5XJkvtB/,liked_posts_export,Day 3-4
Korea,Vands Clinic Myeongdong,Skincare,Myeongdong Seoul,"Foreign-friendly injectable clinic (filler, botox etc). 30s & wedding era crowd. @vands_myeongdong | @vands_myeongdong_gangnam_eng for Gangnam branch.",https://www.instagram.com/reel/C7FbigpSjiU/,liked_posts_export,Day 2
Korea,Eraser Clinic (Dr. Eraser),Skincare,Sinsa Gangnam Seoul,"Tune Liner treatment — jawline contouring. No bruising, instant results. Alternative to inmode/Shrunik. @dreraserclinic. Also does laser/inmode. Sinsa-dong Gangnam.",https://www.instagram.com/reel/DCpQNYGIhiq/,liked_posts_export,Day 7
Korea,Inko Seoul (잉코서울),Skincare,Seoul,FREE comprehensive skin analysis before Olive Young shopping. Tells skin age + type + 6 characteristics + customised routine. Only recommends what you actually need. @inkoseoul_official,https://www.instagram.com/reel/DBm74KBIIui/,liked_posts_export,Day 7-8
Korea,Jeil Grand Pharmacy (제일그랑약국),Skincare,Gangnam Seoul,Favourite Korean pharmacy in Gangnam — curated skincare edit. Right near the beauty clinics. @jeilgrand_pharmacy_global,https://www.instagram.com/reel/DVMqhTMEi2p/,liked_posts_export,Day 7
Korea,Olive Young — Free Skin Analysis,Skincare,Seoul (multiple locations),"In-store free skin analysis with consultant. Takes face measurements, explains skin type + 6 key characteristics, customises a routine. No upselling.",https://www.instagram.com/reel/DUexSl6E6Hv/,liked_posts_export,Day 7-8
Korea,애리꼼닭발 (Aeri's Chicken Feet),Food,Wangsimni Seongdong-gu Seoul,"Viral spicy chicken feet restaurant. Wait ~1hr but grab a ticket and roam nearby then come back. 📍3 Wangsimni-ro 22-gil, Doseon-dong, Seongdong-gu, Seoul",https://www.instagram.com/reel/C119P8_Lrxo/,liked_posts_export,Day 3-4
Korea,Rain Report Café,Food,Seoul,Concept café where it rains 24/7 inside — stay cosy with coffee + croissant even in 30°C heat. @rain.report,https://www.instagram.com/reel/DCbei2Ayd3S/,liked_posts_export,Day 3-4
Korea,Korea Bakery World Cup Winner's Bakery,Food,Daejeon,Bakery run by team leader of Korea's Bakery World Cup winning team. Incredible textures and flavours. Worth a day trip from Seoul.,https://www.instagram.com/reel/DVGdq0rkq6E/,liked_posts_export,Day 10 (day trip)
Korea,Scooper Gelato (스쿠퍼젤라또),Food,Seoul,Top trending café on Korean social media. @scooper_gelato,https://www.instagram.com/reel/C7T5A6oPeU2/,liked_posts_export,Day 3-4
Korea,Pachamama Bakery,Food,Seoul,Top trending café on Korean social media. @pachamama.bakery,https://www.instagram.com/reel/C7T5A6oPeU2/,liked_posts_export,Day 3-4
Korea,House of Vinyl Yeonhui,Food,Yeonhui Seoul,"Trending café on Korean social media. @houseofvinyl_yeonhui — Yeonhui neighbourhood, near Hongdae.",https://www.instagram.com/reel/C7T5A6oPeU2/,liked_posts_export,Day 3-4
Korea,Crepeboy Seoul,Food,Seoul,Trending café. @crepeboyseoul,https://www.instagram.com/reel/C7T5A6oPeU2/,liked_posts_export,Day 3-4
Korea,Friends and Yard,Food,Seoul,Trending café. @friends.and.yard,https://www.instagram.com/reel/C7T5A6oPeU2/,liked_posts_export,Day 3-4
Korea,WAA Seoul,Food,Seoul,Trending café on Korean social media. @waa.seoul,https://www.instagram.com/reel/C7T5A6oPeU2/,liked_posts_export,Day 3-4
Korea,Leedorim Seoul,Food,Seoul,Trending café. @leedorim.seoul,https://www.instagram.com/reel/C7T5A6oPeU2/,liked_posts_export,Day 3-4
Korea,Avekcheri,Food,Seoul,Trending café. @avekcheri,https://www.instagram.com/reel/C7T5A6oPeU2/,liked_posts_export,Day 3-4
Korea,Ikovo Coffee Studio,Food,Seoul,Trending café. @ikovoxcoffeestudio,https://www.instagram.com/reel/C7T5A6oPeU2/,liked_posts_export,Day 3-4
Korea,Glowny,Shopping,Hannam Seoul,Independent contemporary boutique in Hannam-dong. Curated fashion.,https://www.instagram.com/reel/DVW_f6_gcMZ/,liked_posts_export,Day 5-6
Korea,Loeuvre (Hannam),Shopping,Hannam Seoul,Independent boutique in Hannam-dong.,https://www.instagram.com/reel/DVW_f6_gcMZ/,liked_posts_export,Day 5-6
Korea,Folnua,Shopping,Hannam Seoul,Independent boutique in Hannam-dong.,https://www.instagram.com/reel/DVW_f6_gcMZ/,liked_posts_export,Day 5-6
Korea,Muut,Shopping,Hannam Seoul,Independent boutique in Hannam-dong.,https://www.instagram.com/reel/DVW_f6_gcMZ/,liked_posts_export,Day 5-6
Korea,Roman & You Seongsu (로맨드유),Shopping,Seongsu Seoul,Roman&You makeup brand's pop-up Pink Office in Seongsu. @romandyou — worth a visit if the pop-up is running.,https://www.instagram.com/p/DI6fxDvzUAr/,liked_posts_export,Day 5-6
Korea,Roofcat Cat Café (루프캣),Culture,Hongdae Seoul,Cat café in Hongdae. Admission includes unlimited self-serve tea and coffee. Snacks available to feed cats. @roofcatme_hongdae,https://www.instagram.com/reel/DBuU8yiBZEA/,liked_posts_export,Day 3-4
Korea,Seoul Baseball (KBO League),Culture,Seoul (Jamsil / Gocheok Dome),"Baseball game in Seoul = full-on party atmosphere, not just sport. Beer, fried chicken, cheering culture. DM @hungrypursuit 'SEOUL BASEBALL' for booking guide.",https://www.instagram.com/reel/DWEo_VPkXqP/,liked_posts_export,Day 2-3
Korea,Workshop by Baskin Robbins,Culture,Nonhyeon-ro Gangnam Seoul,"World's first AI-developed ice cream shop + research lab. Exclusive flavours: wasabi, Cheetos, truffle. 📍201 Nonhyeon-ro, Gangnam District, Seoul. @baskinrobbinskorea",https://www.instagram.com/reel/DDJF9kqRyu4/,liked_posts_export,Day 7-8
Korea,Jangsan Mountain Park (장산산림욕장),Culture,Busan,Very local park — foreigners rarely visit. Beautiful walk OR intense hike on different paths. Great for experiencing authentic Busan neighbourhood life.,https://www.instagram.com/reel/DR3A29YE-Nx/,liked_posts_export,Day 10-11
Korea,Discover Seoul Pass,Tip,Seoul,"Multi-attraction + transit pass. Makes navigating Seoul significantly easier. Use code KAY-SEOULPASS for ₩5,000 discount on website/app.",https://www.instagram.com/reel/DZGpZOcvKig/,liked_posts_export,Flexible
Korea,Lotte Hotel Seoul,Accommodation,Myeongdong Seoul,5-star hotel in Myeongdong. Great for first-timers. Detailed foreigner-friendly review available. @lottehotelseoul,https://www.instagram.com/reel/CyokWNuP-cg/,liked_posts_export,Day 1-2
Korea,JW Marriott Jeju,Accommodation,Jeju Island,Luxury hotel on Jeju Island. @JWmarriotjeju — worth it for a Jeju splurge.,https://www.instagram.com/reel/C0ia5jCxxW3/,liked_posts_export,Day 12-13
Korea,Eastern Medicine Hospital (한의원),Wellness,Seoul,"Traditional Korean medicine appointment — cupping, herbal, posture, acupuncture. Under $45/appointment. Highly recommended for visitors.",https://www.instagram.com/reel/DCeu5CRSobv/,liked_posts_export,Day 7-8
Korea,Hair of Seoul,Beauty,Seoul,Hair clinic/salon. Reportedly even cheaper than Turkey for hair treatments. @hairofseoul — DM/Kakao/Instagram for bookings.,https://www.instagram.com/reel/DTweBanjiTO/,liked_posts_export,Flexible
Korea,Park Jun Hair Salon (박준뷰티랩),Beauty,Seoul,"15-step Korean hair spa. Stunning studio, friendly staff. @parkjun2342 for booking.",https://www.instagram.com/reel/DS7RzoAgtjV/,liked_posts_export,Flexible
Korea,Granhand Marine Orchid fragrance,Shopping,Hanok Village Seoul,Granhand Marine Orchid — specifically called out as a standout fragrance in the lineup. @granhand_official,https://www.instagram.com/reel/C1aoir8hzn7/,liked_posts_export,Day 5-6
Korea,Yonsei Pain Clinic (연세안통증클리닉),Wellness / Clinic,Seoul,"@yonseian.painclinic — ANS test, X-ray, 3D AI posture analysis, massage/physical therapy. Multiple saves pointing here. Specialists in back/neck pain. Reached out to creators for sponsored reviews but genuine results reported.",https://www.instagram.com/p/DZKmCWoIA-I/,korea_saved_folder,Day 7-8
Korea,신사형통정형외과 Sinsa Hyeong Tong Clinic,Wellness / Clinic,Sinsa Gangnam Seoul,"X-ray, body scan on treadmill, posture/balance analysis, back and neck treatment. Used by @reikim.artist who returns annually for back treatment post-childbirth.",https://www.instagram.com/p/DZRNomjB9zv/,korea_saved_folder,Day 7
Korea,Stretch U Care,Wellness / Clinic,Gangnam Seoul,90-min full-body stretch session — leaves you feeling completely reset. @stretch_u_care_global. 📍408 510 Dogok-ro Gangnam District Seoul.,https://www.instagram.com/p/DZMsUz8Sjgq/,korea_saved_folder,Day 7
Korea,Medione Medical Global,Wellness / Clinic,Seoul,Full body MRI scan. @medione_medical_global. Part of @celinelinarte's Seoul health clinic sweep.,https://www.instagram.com/p/DZGmuBvMt0F/,korea_saved_folder,Day 7-8
Korea,Relieve Clinic (릴리브 클리닉),Skincare,Seoul,Acne/breakout treatment clinic. @relieve_clinic_ — 3rd visit review = genuine use. Bundle treatment for active breakouts.,https://www.instagram.com/p/DWiKQBkEmhV/,korea_saved_folder,Day 7-8
Korea,APM Place (에이피엠),Shopping,Dongdaemun Seoul,"8-storey wholesale clothing building near DDP. Open until 5am. Mostly wholesale — vendors may ignore solo foreign shoppers. Better bets inside: Mimiline and NYUNYU, both open until 5am, foreigner-friendly, card accepted, tax-free.",https://www.instagram.com/p/DYJvIGIyVF3/,korea_saved_folder,Day 9 (evening)
Korea,Tongin Market (통인시장),Food,Jongno Seoul,"BEST Korean street food location. Coin-based food system — exchange money for coins at entrance, fill a tray from multiple stalls, eat communally. Solo-traveller friendly. 📍Jongno-gu Seoul near Gyeongbokgung.",https://www.instagram.com/p/DX54FrDA54_/,korea_saved_folder,Day 2
Korea,Cheongnyangni Market (청량리역 시장),Food,Cheongnyangni Seoul,Packed with Koreans of all ages — zero tourist energy. Caption deliberately vague (doesn't even name it). DM @cutthelandline 'seoul eats' for exact address.,https://www.instagram.com/p/DYsfTxxymMw/,korea_saved_folder,Day 9
Korea,Chungmuro Neighbourhood Tip,Neighbourhood,Chungmuro Seoul,@dianainseoul recommends staying in Chungmuro — between Myeongdong and Dongdaemun on lines 3/4. Bustling but non-tourist. Good transit hub for both sides of the city.,https://www.instagram.com/p/DYQXbVtTkZZ/,korea_saved_folder,Day 1-2
Korea,Bibiang Fragrances (비비앙),Shopping,Seoul,"Korean niche fragrance brand. Flagship carries Colline, Gureum, and Rondo24 — Rondo24 specifically called a repeat-buy. @bibiang_official.",https://www.instagram.com/p/DYvdxCTk0oA/,korea_saved_folder,Day 5-6
Korea,Gentle Monster Multi-Floor Flagship,Shopping,Seoul,Multi-storey Gentle Monster concept store. @gentlemonster — get the full art installation + eyewear experience.,https://www.instagram.com/p/DYvdxCTk0oA/,korea_saved_folder,Day 5-6
Korea,GOTO Mall Hongdae (고투몰),Shopping,Hongdae Seoul,Underground mall beneath Hongdae. Good for affordable fashion. Open late.,https://www.instagram.com/p/DYvdxCTk0oA/,korea_saved_folder,Day 3-4
Korea,Hyundai Seoul Department Store,Shopping,Yeouido Seoul,Not the typical tourist dept store. Curated local Korean brands. Worth the trip to Yeouido.,https://www.instagram.com/p/DYvdxCTk0oA/,korea_saved_folder,Day 6
Korea,Tamburins Flagship Seongsu,Shopping,Seongsu Seoul,Korean fragrance + beauty brand flagship. 📍316-7 Seongsu-dong 2(i)-ga Seongdong-gu Seoul.,https://www.instagram.com/p/DZBNiptyOBP/,korea_saved_folder,Day 5-6
Korea,Elorea,Shopping,Hannam Seoul,Korean niche fragrance. 📍737-1 Hannam-dong Yongsan-gu Seoul.,https://www.instagram.com/p/DZBNiptyOBP/,korea_saved_folder,Day 5-6
Korea,Youssoful Hannam,Shopping,Hannam Seoul,Korean niche fragrance boutique. 📍744-4 Hannam-dong Yongsan-gu Seoul.,https://www.instagram.com/p/DZBNiptyOBP/,korea_saved_folder,Day 5-6
Korea,Cosmic Mansion,Shopping,Jongno Seoul,Korean niche fragrance. 📍153-1 Changseong-dong Jongno-gu Seoul.,https://www.instagram.com/p/DZBNiptyOBP/,korea_saved_folder,Day 2
Korea,Nonfiction Seongsu,Shopping,Seongsu Seoul,Korean niche fragrance brand in Seongsu. 📍16-33 Seongsu-dong 1(il)-ga Seongdong-gu Seoul.,https://www.instagram.com/p/DZBNiptyOBP/,korea_saved_folder,Day 5-6
Korea,Jjimjilbang Tip — Modern Busan,Wellness / Tip,Busan,@anj.mejia_ — jjimjilbang described as the most therapeutic thing. Modern version in Busan recommended over traditional. Search 찜질방 in Naver Maps when in Busan.,https://www.instagram.com/p/DS9J8-eE9oD/,korea_saved_folder,Day 10-11
Korea,COMPILE,Nightlife,Seoul,Bar/nightlife venue. @01compile — in @shoutoutluka's verified Seoul nightlife list.,https://www.instagram.com/p/DYFF5NBRqjC/,korea_saved_folder,Evenings
Korea,ZuhZuh (저저),Nightlife,Seoul,Bar/nightlife venue. @zuhzuh.kr — in @shoutoutluka's verified Seoul nightlife list.,https://www.instagram.com/p/DYFF5NBRqjC/,korea_saved_folder,Evenings
Korea,라스트춘선 홍대 (Last Chunseon Hongdae),Nightlife,Hongdae Seoul,Bar in Hongdae. @lastchunsun_hongdae — in @shoutoutluka's verified Seoul nightlife list.,https://www.instagram.com/p/DYFF5NBRqjC/,korea_saved_folder,Day 4 (night)
Korea,Bar Eum,Nightlife,Seoul,Bar/music venue. @ongroundmusicbar — in @shoutoutluka's verified Seoul nightlife list.,https://www.instagram.com/p/DYFF5NBRqjC/,korea_saved_folder,Evenings
Korea,HIGHWAY Men's Hair,Beauty,Seoul,Men's hair salon. @highway_menshair — in @shoutoutluka's Seoul list.,https://www.instagram.com/p/DYFF5NBRqjC/,korea_saved_folder,Flexible
Korea,Buramsan Mountain (불암산),Culture,North Seoul,"Best sunset viewpoint in Seoul according to a Korean local. Hiking trail 40min for experienced, 60min beginner. 📍불암산 공영주차장 Deokneung-ro 94-gil 73. Transit: Sanggye Station Exit 1.",https://www.instagram.com/p/DYUQkyfvvAp/,korea_saved_folder,Day 8
Korea,Body + Color Analysis Korea,Wellness / Tip,Seoul,"Highly recommended experience — tells you exact body/color type and what styles, collar shapes, suit jacket vents suit you. Results can change over time with complexion. Book via Korean clinics or stylists.",https://www.instagram.com/p/DYI7BzzzRZj/,korea_saved_folder,Day 7-8
Korea,Korea Apps Guide,Tip,Seoul,"@haeinholi's guide to apps you actually need in Korea. Key tip: get an eSIM with a Korean phone number — needed for food delivery apps, restaurant waitlists, and booking confirmations.",https://www.instagram.com/p/DWLAu1noiAb/,korea_saved_folder,Day 1
Korea,Incheon Immigration Queue Skip,Tip,Incheon,@phatlifeproject's hack to clear Incheon immigration in 15 min instead of 1–1.5hrs.,https://www.instagram.com/p/DZCoHj4B_kI/,korea_saved_folder,Day 1
Korea,Weave Suites Sunyu Parkside,Accommodation,Seoyu Seoul,Confirmed great stay. @weave_suites via @liveanywhere.korea @liveanywhere.me. Serviced apartment with Han River views.,https://www.instagram.com/p/DZLLpPWhbwv/,korea_saved_folder,Day 1
Korea,Central Park Hotel Songdo,Accommodation,Incheon Songdo,'SO PEAK and cheap' for Incheon/Songdo visits. @central_park_hotel_songdo. Great if visiting Songdo as a day trip or arriving/departing from Incheon.,https://www.instagram.com/p/DZTcZzWAgrI/,korea_saved_folder,Day 1
Korea,Discover Seoul Pass (June promo),Tip,Seoul,"Multi-attraction pass. June promo code GENESIA-SEOULPASS for extra ₩5,000 off. Covers: Lotte World, N Seoul Tower, Nami Island, Gyeongbokgung + Hanbok, Seoul Aquarium, Realworld Seongsu.",https://www.instagram.com/p/DZFLzrlqTfu/,korea_saved_folder,Flexible
Japan,Akiba Fukurou Owl Cafe,Culture,"Akihabara, Tokyo","Animal cafe where you can hold and interact with owls. Memorable, low-key experience in Akihabara.",https://www.instagram.com/p/DXfYNoKAM3k/,,Flexible
Japan,Montbell Tokyo,Shopping,Tokyo,"Japanese outdoor/hiking brand - ultra-light jackets, travel clothes, high quality gear. Local favourite, often missed by tourists.",https://www.instagram.com/p/DV29GzykRBj/,,Flexible
Japan,Kamishikimi Kumanoimasu Shrine,Culture,"Takamori, Kumamoto (Kyushu)","Shrine nestled in a lush forest, ~300 steps up to the Ugeto-iwa Cave at the top. Featured in the anime/film Hotarubi no Mori e. Go early on a weekday to avoid crowds, comfy shoes needed.",https://www.instagram.com/p/DU3oxlxEoQZ/,,Flexible
Japan,Okinawa,DayTrip,Okinawa,"Tropical island getaway - beaches, snorkeling, island vibes. Very different pace from mainland Japan.",https://www.instagram.com/p/DSD-_mTgR0v/,,Flexible
Japan,Mt. Yoshino,Culture,Nara,"Iconic cherry blossom mountain in Nara, perfect day trip from Osaka/Kyoto (~2hr train + uphill bus). Walk down through layers of sakura - locals do the same walk. ~4hrs at a relaxed pace.",https://www.instagram.com/p/DUistewEVat/,,Flexible
Japan,Suwa Lake / Tateishi Park,DayTrip,Nagano,"Quiet, emotional, local Japan - the lake that inspired Kimi no Na Wa (Your Name). Go up to Tateishi Park at sunset, bring a snack, and just watch.",https://www.instagram.com/p/DT3VSMqiFHn/,,Flexible
Japan,Kusatsu Onsen,Culture,Gunma,"One of the best onsen towns in Japan - mountains, cold air, hot water, tradition everywhere. Stay at least one night and try different baths.",https://www.instagram.com/p/DT3VSMqiFHn/,,Flexible
Japan,Takachiho Gorge,DayTrip,Kyushu,"Absolutely unreal gorge - turquoise water, dramatic cliffs, mythology. One of the standout Kyushu stops.",https://www.instagram.com/p/DT3VSMqiFHn/,,Flexible
Japan,Shirakawa-go,Culture,Gifu,"UNESCO village - straight out of a fairytale in winter. Snow-covered farmhouses, quiet nights. Stay overnight if possible; once day-trippers leave it's magic.",https://www.instagram.com/p/DT8ZsHFiLVg/,,Flexible
Japan,Kamikochi,DayTrip,Nagano,"Some of the best nature in Japan - crystal rivers, alpine views, fresh mountain air. Go early and walk beyond the main bridge for quieter spots.",https://www.instagram.com/p/DT8ZsHFiLVg/,,Flexible
Japan,Kiso Valley (Nakasendo Trail),DayTrip,Nagano,"Old Japan at its best - historic post towns (Tsumago/Magome), forests, and history you can feel walking the old Nakasendo trail.",https://www.instagram.com/p/DT8ZsHFiLVg/,,Flexible
Japan,Nishikawa Daimaru Shinsaibashi (Custom Pillow),Shopping,"Shinsaibashi, Osaka","Custom pillow service by sleep experts - full posture/sleep assessment, test different heights/materials, pillow made on the spot. ¥33,000-44,000. Book a private consultation ahead.",https://www.instagram.com/p/DUN8Thuk67q/,,Flexible
Japan,Descente Tokyo,Shopping,"Harajuku, Tokyo",Japanese outerwear engineered with decades of precision - puffer jackets and technical wear. 7 min walk from Meiji-Jingumae Station exit 7.,https://www.instagram.com/p/DT2gFrOke8Z/,,Flexible
Japan,Nanga Shop Harajuku,Shopping,"Harajuku, Tokyo","Down jacket specialist, located in the WAT building near Meiji-Jingumae Station exit 7 (~6 min walk). Pairs well with a Descente visit nearby.",https://www.instagram.com/p/DT2gFrOke8Z/,,Flexible
Japan,Nakano Broadway,Shopping,"Nakano, Tokyo","Treasure trove for vintage Rolex and luxury watch hunting - huge selection, English/Mandarin-speaking staff. A must for watch collectors.",https://www.instagram.com/p/DNToCPzoP7z/,,Flexible
Japan,Otter Cafe Kyoto,Culture,Kyoto,"Animal cafe with otters - a fun, low-key activity to break up temple-hopping in Kyoto.",https://www.instagram.com/p/DMgLfCuSdOU/,,Flexible
Japan,Snow Monkey Park (Jigokudani),DayTrip,Nagano,Watch wild snow monkeys soak in hot springs - iconic Nagano day trip.,https://www.instagram.com/p/DSeLoZ_ibNZ/,,Flexible
Japan,Omotesando,Shopping,Tokyo,Upscale fashion shopping street near Harajuku - flagship stores and coat/outerwear shopping.,https://www.instagram.com/p/DS2NJzhjDUx/,,Flexible
Japan,Kyushu (region),DayTrip,Kyushu,"Two weeks here barely scratches the surface - uncrowded alternative to the main Tokyo/Kyoto/Osaka route. Cherry blossoms with no crowds, great for autumn foliage too.",https://www.instagram.com/p/DZaTtBuoGH6/,,Flexible
Taiwan,Eryanping Trail,DayTrip,"Alishan, Chiayi",Early 5am wake-up hiking trail - worth it for the sunrise views over Alishan.,https://www.instagram.com/p/DXmW1zLDhIG/,,Flexible
Taiwan,Sotetsu Grand Fresa Ximen,Accommodation,"Ximen, Taipei","Japanese hotel chain right above Ximen Station (exit 2/3). Huge clean rooms, amenities bar in lobby, vacuum-wrap & luggage delivery service, water refill station each floor. Across from Ximending's attractions including The Red House.",https://www.instagram.com/p/DT963Llkzua/,,Flexible
Taiwan,Qingjing Farm,DayTrip,Nantou,"""Little Switzerland"" - try local Yunnan-inspired dishes, see sheep roaming green meadows with European-style farmhouses. Pairs well with Hehuanshan.",https://www.instagram.com/p/DUou26QDZ7D/,,Flexible
Taiwan,Hehuanshan,DayTrip,Nantou,"Breathtaking mountain views, standing above the clouds with alpine air. Hike side trails or drive to the top. Best for sunrise - consider staying overnight nearby and renting a car for flexibility.",https://www.instagram.com/p/DUou26QDZ7D/,,Flexible
Taiwan,Taigrance,Skincare,"Da'an, Taipei",Niche Asian perfumery - fragrances inspired by familiar flavours alongside scents you won't find elsewhere. Must-visit for niche perfume fans.,https://www.instagram.com/p/DS43QqvkrVA/,,Flexible
Taiwan,Alishan National Forest Recreation Area,DayTrip,Chiayi,"Misty forests, 1000+ year old cypress trees, the iconic Alishan Forest Railway, sea of clouds, and fairytale sunrise views. Entrance ~NT$300. Stay overnight to beat the crowds - HSR to Chiayi then bus/railway, or bus direct from Chiayi Station (~2.5hrs).",https://www.instagram.com/p/DTecHjlDQRv/,,Flexible
Taiwan,Zhang A Mei's Farm,Food,Yilan,Stop on a 48hr Yilan itinerary - local farm experience.,https://www.instagram.com/p/DUZ_FYTjvHC/,,Flexible
Taiwan,Su Ao Fish Port (蘇澳漁港),Food,Yilan,Fresh sashimi lunch straight off the boats at this fishing port.,https://www.instagram.com/p/DUZ_FYTjvHC/,,Flexible
Taiwan,Tofu Cape (豆腐岬),DayTrip,Yilan,Quick cliffside stop near Su'ao - distinctive tofu-block-shaped rock formations along the coast.,https://www.instagram.com/p/DUZ_FYTjvHC/,,Flexible
Taiwan,Xingshui Black Sand Beach,DayTrip,Yilan,Black sand beach stop on the Yilan coastal route.,https://www.instagram.com/p/DUZ_FYTjvHC/,,Flexible
Taiwan,Luodong Night Market,Food,Yilan,Popular night market to cap off a Yilan day trip.,https://www.instagram.com/p/DUZ_FYTjvHC/,,Flexible
Kyrgyzstan,Bishkek,Neighbourhood,Bishkek,Capital city and a great intro to Kyrgyzstan - visit the local museums and try beshbarmak (national dish) at Navat restaurant.,https://www.instagram.com/p/DYaCX5ou6PO/,,Flexible
Kyrgyzstan,Song-Kul Lake,DayTrip,Naryn Region,"Best visited on a 3-4 day horseback trek - truly immersive nomadic experience, widely rated as a top excursion. Loop route via Kyzart: ride to Kyzart, then to the lake (cold dip + high-altitude volleyball, yurt with log burner), then back through stunning mountains. ★ top pick.",https://www.instagram.com/p/DYFDzx1NoOp/,,Flexible
Kyrgyzstan,Kyzart Village,Accommodation,Naryn Region,Starting point/staging village for Song-Kul horseback treks. Multi-course lunch with lots of tea at the stables on arrival.,https://www.instagram.com/p/DYFDzx1NoOp/,,Flexible
Kyrgyzstan,Issyk-Kul Lake,DayTrip,Issyk-Kul Region,"Kyrgyzstan's largest lake - scenic landscapes, lots to see and do around the shore. Look out for eagle hunting demonstrations.",https://www.instagram.com/p/DYaCX5ou6PO/,,Flexible
Kyrgyzstan,Altyn Arashan,DayTrip,Karakol / Issyk-Kul Region,Hot springs valley near Karakol - a must-visit. Often combined with the Ala-Kul trek; many trek on foot from Karakol but it can also be done partly on horseback.,https://www.instagram.com/p/DYaCX5ou6PO/,,Flexible
Kyrgyzstan,Ala-Kul Lake,DayTrip,Karakol / Issyk-Kul Region,"High-altitude turquoise lake - a top trekking destination near Karakol, frequently paired with Altyn Arashan in a multi-day route. ★ top pick.",https://www.instagram.com/p/DYaCX5ou6PO/,,Flexible
Kyrgyzstan,Kel-Suu Lake,DayTrip,Naryn Region (near China border),"Remote, treacherous journey but worth it - plan for 3 full days round trip. One of the most striking and least-visited alpine lakes in the country.",https://www.instagram.com/p/DYaCX5ou6PO/,,Flexible
Korea,Gyeongdong Market (Walking Tour with @wookeunshin),Culture,Jongno Seoul,"Walking tour of Gyeongdong market with local guide Wook Eun Shin. Authentic neighbourhood market, Korean BBQ, and real Seoul history. Much less touristy than Gwangjang.",https://www.instagram.com/p/DXHRWzZiEiS/,,Flexible
Korea,Spa Gogyeol (스파고결),Skincare,Seoul,"Korean lymphatic drainage facial - they absolutely snatch you up here. High intensity treatment, results are immediate.",https://www.instagram.com/p/DZaUF_kB0QT/,,Flexible
Korea,Yonsei AN Pain Clinic,Culture,Seoul,Fascinating non-skincare health assessment — full body wellness evaluation. Worth doing if interested in Korean medical tourism beyond aesthetics.,https://www.instagram.com/p/DZo9ZUXKxhT/,,Flexible
Korea,Seoul Menswear Shopping Circuit (@rogerwh0),Shopping,Seoul,Best men's clothing spots in Seoul according to @rogerwh0 — includes Llege Official among others.,https://www.instagram.com/p/DZnMG6tBTNH/,,Flexible
Korea,Salt Bread (소금빵) — Jayeondo,Food,Seoul,"The real salt bread — buttery and crisp, nothing like the name implies. Jayeondo Sogeumppang (자연도소금빵) is the original. Will ruin you for other bread.",https://www.instagram.com/p/DYQghN4q12s/,,Flexible
Korea,National Museum of Korea,Culture,Yongsan Seoul,"Top 9 treasures at the National Museum. Free entry, world class collection. Underrated by tourists who skip for palaces.",https://www.instagram.com/p/DZQPM03SQZl/,,Day 5
Korea,Alpaca World,DayTrip,Gangwon-do,"Magical afternoon with alpacas in Gangwon-do. Fluffy, gentle creatures in a gorgeous mountain setting. Perfect day trip escape from Seoul.",https://www.instagram.com/p/DX7tEeHzqsx/,,Flexible
Korea,Gangnam Kyoja (강남교자),Food,Gangnam Seoul,Perennial favourite — revisited twice a year. Known for kalguksu/mandu. Always worth the wait.,https://www.instagram.com/p/DW70zWtARaA/,,Flexible
Korea,Seoul Cafe Circuit (@minywander),Culture,Seoul,6 curated cafes worth visiting in Seoul — all vetted by a regular visitor.,https://www.instagram.com/p/DX4IlgtgbiB/,,Flexible
Korea,Ttareungyi Seoul Public Bike,Transport,Seoul,"Seoul's public bike system — download 'Seoul Bike' app, ~₩1,000 per rental, international cards OK, no sign-up needed. The 1-hour hack: ride for 1 hour straight, return within the hour, costs the flat rental rate only.",https://www.instagram.com/p/DZh1j1bAl-S/,,Flexible
Korea,Seoul Day Trips Planning Guide,DayTrip,Seoul,Key insight: plan day trips by distance and transit time or you'll waste hours. Framework for adding the right trips without over-scheduling.,https://www.instagram.com/p/DW3Y1URkywP/,,Flexible
Korea,Eunpyeong Hanok Village,Culture,Eunpyeong Seoul,"Free premium hanbok rental (1.5hrs) at Neonadeuri Center — skip the expensive Bukchon rentals. Korean-only online booking but walk-in works. Hidden neighbourhood hanok village, far less crowded.",https://www.instagram.com/p/DZH3NJUBbiC/,,Day 9
Korea,Namsan Sky Forest Trail,DayTrip,Namsan Seoul,"Easy paved trail to N Seoul Tower — bus stop takes you right to the start. Great for families, dates, solo runs. Go in the morning for fresh air.",https://www.instagram.com/p/DZge-m4Ot1X/,,Flexible
Korea,Discover Seoul Pass (code SYLVIA-SEOULPASS),Transport,Seoul,"Best tourism pass for Seoul — ₩5,000 off with code SYLVIA-SEOULPASS (valid to June 2026). Covers major attractions + transport.",https://www.instagram.com/p/DZgsIO3hPfu/,,Day 1
Korea,Seoul Vinyl Bar Circuit (@riyaplam),Culture,Seoul,"Bars that play vinyl records or have DJs: Silly Aperitivo, Osem Seoul, Culsec Seoul, Nega Iso, Hills and Europa, FFF Samgakji.",https://www.instagram.com/p/DZWf-xltDl4/,,Evenings
Korea,Jeju Island,DayTrip,Jeju,"The Hawaii of Korea — volcanic landscapes, citrus orchards, black sand beaches. Seongsan Ilchulbong (free sunrise), Hallim Park, O'Sulloc Tea Museum, Manjang Cave, Udo Island day trip.",https://www.instagram.com/p/DXvJorqJmQU/,,Flexible
Korea,Jeju Hiking Trail,DayTrip,Jeju,Essential Jeju outdoor activity — volcanic hiking. Add this to any Jeju itinerary.,https://www.instagram.com/p/DW86H4pCNuX/,,Flexible
Korea,Noryangjin Fish Market,Food,Noryangjin Seoul,Better than Gwangjang Market according to locals — crispy fried peppers and fresh seafood you'll still be thinking about. @eunicexplores pick.,https://www.instagram.com/p/DYjRXQHOFeO/,,Flexible
Korea,Bukhansan Mountain Hike,DayTrip,Bukhansan Seoul,Challenging hike with stunning views over Seoul. Budget a full day. One of the best outdoor experiences within the city limits.,https://www.instagram.com/p/DYXQbrCpdzO/,,Flexible
Korea,Unni Guide Clinic Center,Skincare,Gangnam Seoul,Korean-local pricing guaranteed. Free Anua gift set when booking ahead. 498 Gangnam-daero. 4M+ reviews via Unni app — the legit way to access Korean medical aesthetics at local rates.,https://www.instagram.com/p/DY9L_wbzMUd/,,Flexible
Korea,Jeju — Full Guide (@jun_hanok),DayTrip,Jeju,"Deep dive Jeju guide: stay in Aewol (west, sunset side) or Hallim/Hyeopjae (beach, quieter). Hike Hallasan, sea kayak Hamdeok, drive the Olle Trail.",https://www.instagram.com/p/DYRuMg1Jyzz/,,Flexible
Korea,AREX Train — Incheon to Seoul,Transport,Incheon,"Two trains from airport: Express (43 min, ₩11,000, Seoul Station only) vs All-Stop (66 min, ₩4,950, stops at Hongdae). Most solo travelers should take the All-Stop to Hongdae.",https://www.instagram.com/p/DV5VF_QjtwF/,,Day 1
Korea,Skip Myeongdong,Culture,Myeongdong Seoul,"You will simply never catch them in Myeongdong again — skip it, spend that time elsewhere.",https://www.instagram.com/p/DUBvoG2khzx/,,Flexible
Korea,Jeju — Waterfalls & Highlights,DayTrip,Jeju,"Oeadolgae Rock, Cheonjiyeon & Jeongbang Waterfalls in Seogwipo, Daepo Jusangjeolli Cliff, Camellia Hill Botanical Garden, Seongsan Ilchulbong sunrise peak.",https://www.instagram.com/p/DSX0QXhkfrW/,,Flexible
Korea,Jeju Coastal Itinerary,DayTrip,Jeju,"Hidden coastlines, dreamy cafes, volcanic views. Designed around the parts of Jeju that feel unreal.",https://www.instagram.com/p/DYqXr5tptsy/,,Flexible
Korea,Busan — Hwangnyeong-san Lookout,DayTrip,Busan,"Hwangnyeongsan Beacon (황령산 봉수대) — grab an Uber most of the way up, then a short walk to the lookout. Book Uber 10-15 mins before you want to leave. Best single thing to do in Busan.",https://www.instagram.com/p/DZcu1GUy48F/,,Flexible
Korea,Gonlun Mountain Hang Gliding — Pohang,DayTrip,Pohang,"Gollyunsan Mountain hang gliding site. 86 Mt., Chilpo-ri, Heunghae-eup. Unique activity outside the Seoul/Busan circuit.",https://www.instagram.com/p/DZRerbkMbzA/,,Flexible
Korea,Chester Travel Chingu — Custom Itinerary,Culture,Seoul,Personalised Seoul itinerary planning service — good option if you want a guide tailored to past trips rather than a generic list.,https://www.instagram.com/p/DYPsWd-qArj/,,Flexible
Korea,Korean Travel Apps,Transport,Seoul,"Apps that actually work for navigating Korea: covers transport, maps, translation tools.",https://www.instagram.com/p/DZpc5P-icRv/,,Day 1
Korea,Yonsei AN Pain Clinic (Back/Spine),Skincare,Seoul,"Manual massage therapy + physical therapy for chronic back pain. @yonseian.painclinic reached out to creator @jiragn — placebo or not, she felt better. Worth checking out for injury rehab.",https://www.instagram.com/p/DX4RhrrPZ26/,jiragn,Flexible
Korea,Seoul Donut Spot,Food,Seoul,Creator @bridgetteugarte called this one of the best bites of her life. Exact location unclear from caption — search the creator's page for the pin.,https://www.instagram.com/p/DZDukK2iFmh/,bridgetteugarte,Flexible
Korea,Namdaemun Market — Shopping Guide,Shopping,Namdaemun Seoul,"Korea travel tips for non-K-pop fans: kitchenware market (unique pottery at wholesale), baby/kids fashion street from Hoehyeon Station Exit 6, fashion accessories wholesale. Most street shops in Korea source from here. @mijainseoul's guide.",https://www.instagram.com/p/DWz2k25kiq7/,mijainseoul,Flexible
Korea,Seoul Shopping Neighbourhoods — @kaynamiee,Shopping,Seoul,"Three neighbourhoods worth returning to: Hannam-dong (uptown Hannam = quieter, curated, wander-worthy), Seongsu-dong (go even if crowded — new places keep opening), and a third. @kaynamiee's personal list.",https://www.instagram.com/p/DX59TvmPKRF/,kaynamiee,Flexible
Korea,Seoul Hot Spots — One-Sentence Guide,Culture,Seoul,@karenyuu_ summarizes every major Seoul area in one sentence each. Good orientation resource for first-timers.,https://www.instagram.com/p/DXg7SCHznnJ/,karenyuu_,Flexible
Korea,Korea Travel Tips — Chungmuro & Gangnam (@dianainseoul),Culture,Yeonam Seoul,Practical Korea travel tips from @dianainseoul — covers Chungmuro and Gangnam Unni area.,https://www.instagram.com/p/DYQarAtzuU5/,dianainseoul,Flexible
